{
  "version": 2,
  "tempo": 50,
  "tracks": [
    {
      "type": 0,
      "loaded": true,
      "isLoop": true,
      "volume": 0.800000011920929,
      "pan": 0.5,
      "effectors": [],
      "isExternal": false,
      "soundPackName": "ProgressiveHouseElements",
      "fileName": "Magic Lead",
      "octave": 0.5,
      "tune": 0.5,
      "volEnvA": 5.000000237487257e-4,
      "volEnvD": 2.0000000949949026e-4,
      "volEnvS": 1,
      "volEnvR": 0.06666667014360428,
      "modEnvA": 5.000000237487257e-4,
      "modEnvD": 2.0000000949949026e-4,
      "modEnvS": 1,
      "modEnvR": 6.666666740784422e-5,
      "filterFC": 2.125,
      "modToFilter": 0.5,
      "portaMode": 0,
      "portaTime": 0.1875,
      "notes": []
    },
    {
      "type": 0,
      "loaded": true,
      "isLoop": true,
      "volume": 0.800000011920929,
      "pan": 0.5,
      "effectors": [],
      "isExternal": false,
      "soundPackName": "ProgressiveHouseElements",
      "fileName": "Spectrum Pluck",
      "octave": 0.5,
      "tune": 0.5,
      "volEnvA": 5.000000237487257e-4,
      "volEnvD": 2.0000000949949026e-4,
      "volEnvS": 1,
      "volEnvR": 0.06666667014360428,
      "modEnvA": 5.000000237487257e-4,
      "modEnvD": 2.0000000949949026e-4,
      "modEnvS": 1,
      "modEnvR": 6.666666740784422e-5,
      "filterFC": 2.125,
      "modToFilter": 0.5,
      "portaMode": 0,
      "portaTime": 0.1875,
      "notes": []
    },
    {
      "type": 0,
      "loaded": true,
      "isLoop": true,
      "volume": 0.800000011920929,
      "pan": 0.5,
      "effectors": [],
      "isExternal": false,
      "soundPackName": "BasicSoundPack",
      "fileName": "Stellar Pluck",
      "octave": 0.5,
      "tune": 0.5,
      "volEnvA": 5.000000237487257e-4,
      "volEnvD": 2.0000000949949026e-4,
      "volEnvS": 1,
      "volEnvR": 0.5330253839492798,
      "modEnvA": 5.000000237487257e-4,
      "modEnvD": 2.0000000949949026e-4,
      "modEnvS": 1,
      "modEnvR": 6.666666740784422e-5,
      "filterFC": 2.125,
      "modToFilter": 0.5,
      "portaMode": 0,
      "portaTime": 0.1875,
      "notes": []
    },
    {
      "type": 0,
      "loaded": true,
      "isLoop": true,
      "volume": 0.800000011920929,
      "pan": 0.5,
      "effectors": [],
      "isExternal": false,
      "soundPackName": "BasicSoundPack",
      "fileName": "China-Pipa-bo",
      "octave": 0.5,
      "tune": 0.5,
      "volEnvA": 5.000000237487257e-4,
      "volEnvD": 2.0000000949949026e-4,
      "volEnvS": 1,
      "volEnvR": 0.6665458679199219,
      "modEnvA": 5.000000237487257e-4,
      "modEnvD": 2.0000000949949026e-4,
      "modEnvS": 1,
      "modEnvR": 6.666666740784422e-5,
      "filterFC": 2.125,
      "modToFilter": 0.5,
      "portaMode": 0,
      "portaTime": 0.1875,
      "notes": []
    },
    {
      "type": 0,
      "loaded": true,
      "isLoop": true,
      "volume": 0.800000011920929,
      "pan": 0.5,
      "effectors": [],
      "isExternal": false,
      "soundPackName": "BasicSoundPack",
      "fileName": "Grand Piano",
      "octave": 0.5,
      "tune": 0.1428571492433548,
      "volEnvA": 5.000000237487257e-4,
      "volEnvD": 0.37770792841911316,
      "volEnvS": 0.5893802046775818,
      "volEnvR": 0.34268268942832947,
      "modEnvA": 5.000000237487257e-4,
      "modEnvD": 2.0000000949949026e-4,
      "modEnvS": 1,
      "modEnvR": 6.666666740784422e-5,
      "filterFC": 2.125,
      "modToFilter": 0.5,
      "portaMode": 0,
      "portaTime": 0.1875,
      "notes": [
        { "startSlot": 0, "lengthSlot": 8, "note": 59, "volume": 1 },
        { "startSlot": 8, "lengthSlot": 4, "note": 59, "volume": 1 },
        { "startSlot": 16, "lengthSlot": 12, "note": 60, "volume": 1 },
        { "startSlot": 28, "lengthSlot": 4, "note": 59, "volume": 1 },
        { "startSlot": 32, "lengthSlot": 8, "note": 62, "volume": 1 },
        { "startSlot": 40, "lengthSlot": 8, "note": 59, "volume": 1 },
        { "startSlot": 48, "lengthSlot": 8, "note": 57, "volume": 1 },
        { "startSlot": 0, "lengthSlot": 4, "note": 53, "volume": 1 },
        { "startSlot": 8, "lengthSlot": 4, "note": 53, "volume": 1 },
        { "startSlot": 16, "lengthSlot": 4, "note": 53, "volume": 1 },
        { "startSlot": 24, "lengthSlot": 4, "note": 53, "volume": 1 },
        { "startSlot": 32, "lengthSlot": 4, "note": 53, "volume": 1 },
        { "startSlot": 40, "lengthSlot": 4, "note": 53, "volume": 1 },
        { "startSlot": 48, "lengthSlot": 4, "note": 53, "volume": 1 },
        { "startSlot": 56, "lengthSlot": 4, "note": 53, "volume": 1 },
        { "startSlot": 64, "lengthSlot": 12, "note": 64, "volume": 1 },
        { "startSlot": 76, "lengthSlot": 4, "note": 62, "volume": 1 },
        { "startSlot": 80, "lengthSlot": 8, "note": 64, "volume": 1 },
        { "startSlot": 88, "lengthSlot": 8, "note": 62, "volume": 1 },
        { "startSlot": 96, "lengthSlot": 8, "note": 64, "volume": 1 },
        { "startSlot": 60, "lengthSlot": 4, "note": 60, "volume": 1 },
        { "startSlot": 104, "lengthSlot": 4, "note": 62, "volume": 1 },
        { "startSlot": 108, "lengthSlot": 4, "note": 60, "volume": 1 },
        { "startSlot": 112, "lengthSlot": 4, "note": 59, "volume": 1 },
        { "startSlot": 120, "lengthSlot": 4, "note": 59, "volume": 1 },
        { "startSlot": 124, "lengthSlot": 4, "note": 59, "volume": 1 },
        { "startSlot": 128, "lengthSlot": 12, "note": 67, "volume": 1 },
        { "startSlot": 144, "lengthSlot": 8, "note": 65, "volume": 1 },
        { "startSlot": 152, "lengthSlot": 4, "note": 62, "volume": 1 },
        { "startSlot": 156, "lengthSlot": 4, "note": 62, "volume": 1 },
        { "startSlot": 160, "lengthSlot": 8, "note": 60, "volume": 1 },
        { "startSlot": 168, "lengthSlot": 8, "note": 59, "volume": 1 },
        { "startSlot": 176, "lengthSlot": 8, "note": 60, "volume": 1 },
        { "startSlot": 184, "lengthSlot": 8, "note": 57, "volume": 1 }
      ]
    },
    {
      "type": 0,
      "loaded": true,
      "isLoop": true,
      "volume": 0.800000011920929,
      "pan": 0.5,
      "effectors": [],
      "isExternal": false,
      "soundPackName": "BasicSoundPack",
      "fileName": "Enthusiasm Lead",
      "octave": 0.5,
      "tune": 0.5,
      "volEnvA": 5.000000237487257e-4,
      "volEnvD": 2.0000000949949026e-4,
      "volEnvS": 1,
      "volEnvR": 0.19988970458507538,
      "modEnvA": 5.000000237487257e-4,
      "modEnvD": 2.0000000949949026e-4,
      "modEnvS": 1,
      "modEnvR": 6.666666740784422e-5,
      "filterFC": 2.125,
      "modToFilter": 0.5,
      "portaMode": 0,
      "portaTime": 0.1875,
      "notes": []
    }
  ]
}
